{
  "model": "yolo26n",
  "dataset": "VisDrone2019-DET",
  "imgsz": 640,
  "batch": 16,
  "mAP50_95": 0.15598956668675532,
  "mAP50": 0.28156320679601465,
  "mAP75": 0.1509515178076325,
  "mean_precision": 0.416910512714541,
  "mean_recall": 0.3075893271446789
}